open,high,low,close,volume,time
7012233.0,7136169.0,6810928.0,6963895.0,471.0533,2021-11-01
6961521.0,7294030.0,6928417.0,7197127.0,464.7607,2021-11-02
7197529.0,7229998.0,6901000.0,7172382.0,374.7963,2021-11-03
7171707.0,7188657.0,6920359.0,7004633.0,313.7991,2021-11-04
7004585.0,7123211.0,6910103.0,6940001.0,321.8498,2021-11-05
6940001.0,7000000.0,6843000.0,6990000.0,260.4074,2021-11-06
6990000.0,7174985.0,6980795.0,7174984.0,268.1676,2021-11-07
7174985.0,7664456.0,7174985.0,7637891.0,625.0735,2021-11-08
7637864.0,7717717.0,7463319.0,7546658.0,494.6973,2021-11-09
7546203.0,7798000.0,7192011.0,7405000.0,838.4022,2021-11-10
7402839.0,7492478.0,7333333.0,7403419.0,350.7017,2021-11-11
7403419.0,7486522.0,7116786.0,7323612.0,379.5932,2021-11-12
7323611.0,7417000.0,7245985.0,7356601.0,292.8469,2021-11-13
7356600.0,7471999.0,7261809.0,7470000.0,230.6956,2021-11-14
7471762.0,7552590.0,7256241.0,7276092.0,310.2468,2021-11-15
7276093.0,7276093.0,6729853.0,6915002.0,920.3234,2021-11-16
6915002.0,6988695.0,6730000.0,6898678.0,532.3206,2021-11-17
6898677.0,6950000.0,6460000.0,6506790.0,856.5489,2021-11-18
6506781.0,6650000.0,6375000.0,6631710.0,475.3837,2021-11-19
6632710.0,6840000.0,6561516.0,6827530.0,327.5134,2021-11-20
6827530.0,6847786.0,6696011.0,6708115.0,339.9021,2021-11-21
6708115.0,6790651.0,6404236.0,6475415.0,595.8657,2021-11-22
6475416.0,6655773.0,6370000.0,6632010.0,560.3212,2021-11-23
6632000.0,6646813.0,6462188.0,6612245.0,405.7088,2021-11-24
6610397.0,6855178.0,6594814.0,6786001.0,490.8537,2021-11-25
6787916.0,6802780.0,6095001.0,6114621.0,917.8637,2021-11-26
6113414.0,6297109.0,6102353.0,6223244.0,327.0684,2021-11-27
6221092.0,6534669.0,6054405.0,6519657.0,397.7663,2021-11-28
6519999.0,6697035.0,6448011.0,6589185.0,367.4045,2021-11-29
6589184.0,6674453.0,6348725.0,6455636.0,547.0902,2021-11-30
6455637.0,6679143.0,6385721.0,6474916.0,475.5912,2021-12-01
6474000.0,6500000.0,6339854.0,6401471.0,455.9491,2021-12-02
6402000.0,6529000.0,5900000.0,6090279.0,631.4892,2021-12-03
6090280.0,6110000.0,5200000.0,5581765.0,1172.1919,2021-12-04
5581765.0,5645118.0,5411000.0,5600000.0,533.8017,2021-12-05
5600000.0,5786892.0,5360873.0,5740318.0,844.0463,2021-12-06
5740318.0,5899897.0,5690358.0,5749750.0,541.5428,2021-12-07
5748125.0,5836094.0,5551223.0,5746982.0,530.5176,2021-12-08
5748938.0,5782494.0,5384010.0,5414329.0,654.3863,2021-12-09
5414329.0,5696009.0,5330000.0,5361217.0,767.3338,2021-12-10
5361013.0,5622000.0,5320010.0,5604334.0,334.3371,2021-12-11
5609385.0,5767999.0,5540446.0,5699505.0,346.2754,2021-12-12
5698834.0,5713447.0,5210201.0,5323610.0,784.4735,2021-12-13
5322789.0,5538599.0,5273370.0,5502671.0,717.0298,2021-12-14
5503981.0,5657999.0,5310500.0,5583265.0,766.9760,2021-12-15
5584075.0,5650000.0,5412733.0,5420002.0,544.1315,2021-12-16
5420492.0,5470006.0,5170001.0,5255470.0,657.5486,2021-12-17
5255470.0,5391999.0,5187534.0,5336011.0,237.5104,2021-12-18
5336011.0,5484378.0,5292357.0,5307776.0,365.6551,2021-12-19
5303645.0,5405264.0,5182750.0,5333359.0,539.9813,2021-12-20
5331790.0,5620000.0,5306933.0,5577425.0,510.1867,2021-12-21
5576542.0,5661511.0,5538200.0,5548819.0,474.8199,2021-12-22
5548635.0,5875457.0,5495041.0,5808625.0,513.8741,2021-12-23
5808994.0,5918149.0,5770363.0,5810005.0,340.4182,2021-12-24
5811110.0,5849491.0,5729769.0,5767528.0,174.9682,2021-12-25
5765817.0,5853733.0,5659931.0,5797193.0,323.3041,2021-12-26
5797193.0,5972435.0,5752011.0,5820000.0,469.4968,2021-12-27
5820001.0,5820001.0,5435442.0,5454931.0,512.3077,2021-12-28
5454044.0,5536010.0,5300123.0,5343589.0,381.1700,2021-12-29
5343916.0,5507603.0,5285913.0,5419391.0,397.5456,2021-12-30
5417484.0,5575071.0,5256667.0,5324975.0,850.8853,2021-12-31
5325034.0,5526779.0,5325034.0,5510571.0,277.7770,2022-01-01
5508412.0,5529374.0,5384084.0,5459290.0,187.6898,2022-01-02
5458506.0,5478341.0,5280000.0,5362164.0,243.1993,2022-01-03
5362165.0,5520309.0,5303509.0,5335466.0,343.6451,2022-01-04
5333265.0,5455285.0,4958458.0,5052516.0,563.9622,2022-01-05
5056915.0,5090881.0,4926000.0,5007900.0,451.6777,2022-01-06
5006087.0,5008240.0,4717052.0,4819968.0,731.5861,2022-01-07
4820693.0,4905934.0,4707499.0,4835465.0,259.1958,2022-01-08
4835460.0,4946213.0,4779151.0,4845038.0,198.5934,2022-01-09
4845038.0,4895188.0,4585000.0,4828636.0,457.6239,2022-01-10
4828637.0,4980000.0,4786700.0,4934458.0,347.4052,2022-01-11
4936045.0,5088800.0,4908820.0,5046325.0,408.0599,2022-01-12
5046806.0,5084505.0,4842576.0,4864310.0,371.0903,2022-01-13
4866566.0,4968000.0,4770000.0,4927468.0,323.5743,2022-01-14
4927467.0,5000000.0,4879035.0,4928510.0,141.8182,2022-01-15
4928516.0,4972263.0,4880000.0,4937480.0,184.5606,2022-01-16
4937480.0,4948040.0,4780001.0,4850000.0,302.1333,2022-01-17
4848345.0,4892286.0,4742723.0,4858842.0,339.6718,2022-01-18
4858843.0,4879936.0,4721691.0,4771075.0,288.1797,2022-01-19
4770896.0,4962557.0,4631504.0,4645146.0,369.3599,2022-01-20
4645146.0,4686360.0,4050000.0,4160505.0,1267.9704,2022-01-21
4163807.0,4200000.0,3886980.0,3993564.0,704.1455,2022-01-22
3995000.0,4162008.0,3952001.0,4137333.0,435.7488,2022-01-23
4137332.0,4279000.0,3768000.0,4181922.0,1188.8040,2022-01-24
4183386.0,4282151.0,4074037.0,4216008.0,578.1739,2022-01-25
4216009.0,4455341.0,4165000.0,4229067.0,796.8842,2022-01-26
4229030.0,4296930.0,4083431.0,4291021.0,532.8883,2022-01-27
4291021.0,4376821.0,4184928.0,4350123.0,508.3366,2022-01-28
4350001.0,4464000.0,4308492.0,4402500.0,212.9641,2022-01-29
4404078.0,4426699.0,4312309.0,4370089.0,172.4999,2022-01-30
4372194.0,4458959.0,4237662.0,4432000.0,424.5983,2022-01-31
4431900.0,4505256.0,4367408.0,4445010.0,305.5655,2022-02-01
4444454.0,4458687.0,4195688.0,4223914.0,374.4495,2022-02-02
4224640.0,4300000.0,4170713.0,4289331.0,438.8510,2022-02-03
4291629.0,4804897.0,4262329.0,4786378.0,818.8270,2022-02-04
4786378.0,4829198.0,4720036.0,4773332.0,251.8071,2022-02-05
4771548.0,4915548.0,4743338.0,4887210.0,273.6875,2022-02-06
4887923.0,5124831.0,4802828.0,5046209.0,615.7512,2022-02-07
5045318.0,5253000.0,4934939.0,5095083.0,603.6341,2022-02-08
5095082.0,5176009.0,4986932.0,5130801.0,422.9724,2022-02-09
5132207.0,5305438.0,5027857.0,5058202.0,808.4410,2022-02-10
5057243.0,5091306.0,4850000.0,4894894.0,504.1578,2022-02-11
4894871.0,4969942.0,4823570.0,4880010.0,192.1512,2022-02-12
4880011.0,4944936.0,4844813.0,4866355.0,129.2231,2022-02-13
4867742.0,4953082.0,4806000.0,4920909.0,391.7527,2022-02-14
4918846.0,5177000.0,4902929.0,5157085.0,439.2660,2022-02-15
5157794.0,5159530.0,5008522.0,5066423.0,394.2459,2022-02-16
5067209.0,5100000.0,4612670.0,4662730.0,665.3362,2022-02-17
4662630.0,4727978.0,4550037.0,4612435.0,565.3443,2022-02-18
4612500.0,4664650.0,4576116.0,4624521.0,219.2116,2022-02-19
4624521.0,4624621.0,4385502.0,4417644.0,538.0124,2022-02-20
4421058.0,4554621.0,4229331.0,4251089.0,842.5604,2022-02-21
4251146.0,4425000.0,4184005.0,4404649.0,764.3493,2022-02-22
4405991.0,4522499.0,4265638.0,4279665.0,297.6968,2022-02-23
4281951.0,4599999.0,3955560.0,4431043.0,1343.1674,2022-02-24
4431991.0,4590000.0,4389105.0,4528572.0,484.0888,2022-02-25
4529591.0,4657995.0,4466000.0,4522043.0,304.0995,2022-02-26
4522043.0,4605904.0,4278404.0,4363257.0,485.0910,2022-02-27
4363250.0,5079564.0,4332152.0,4967953.0,1065.4839,2022-02-28
4969999.0,5163537.0,4921267.0,5102868.0,958.8590,2022-03-01
5104338.0,5230000.0,5003261.0,5077754.0,607.5890,2022-03-02
5077137.0,5105778.0,4834524.0,4909268.0,534.4718,2022-03-03
4909286.0,4915445.0,4433193.0,4505014.0,705.4819,2022-03-04
4505406.0,4556331.0,4438915.0,4532893.0,238.5442,2022-03-05
4532893.0,4564560.0,4385377.0,4418583.0,311.2007,2022-03-06
4419470.0,4561056.0,4292548.0,4390464.0,597.3998,2022-03-07
4389051.0,4550000.0,4376001.0,4487531.0,463.6611,2022-03-08
4486435.0,4930000.0,4480283.0,4864010.0,539.2239,2022-03-09
4865158.0,4870682.0,4484426.0,4587362.0,672.9982,2022-03-10
4587362.0,4703058.0,4453304.0,4543435.0,525.4473,2022-03-11
4542632.0,4622999.0,4533453.0,4555455.0,145.5090,2022-03-12
4555455.0,4609936.0,4420200.0,4454161.0,254.4492,2022-03-13
4454163.0,4726295.0,4420755.0,4692860.0,431.2626,2022-03-14
4692429.0,4719833.0,4505847.0,4648264.0,415.5020,2022-03-15
4648888.0,4920000.0,4600000.0,4887888.0,887.2108,2022-03-16
4887888.0,4919001.0,4814103.0,4855533.0,348.7394,2022-03-17
4855524.0,5037432.0,4784152.0,4973490.0,319.5706,2022-03-18
4975116.0,5053346.0,4951767.0,5031207.0,234.0816,2022-03-19
5031207.0,5039000.0,4880000.0,4924101.0,231.1400,2022-03-20
4925000.0,4951471.0,4835237.0,4908993.0,313.3904,2022-03-21
4904745.0,5203540.0,4900001.0,5137958.0,690.5387,2022-03-22
5137958.0,5210000.0,5064708.0,5197590.0,392.7379,2022-03-23
5197590.0,5401454.0,5173117.0,5381500.0,548.5778,2022-03-24
5382203.0,5508258.0,5312914.0,5412949.0,414.9520,2022-03-25
5412948.0,5465094.0,5390036.0,5436171.0,141.3220,2022-03-26
5436071.0,5734428.0,5426645.0,5728455.0,365.4889,2022-03-27
5728471.0,5950000.0,5707001.0,5819857.0,630.7489,2022-03-28
5820286.0,5930000.0,5780999.0,5842732.0,446.3934,2022-03-29
5841574.0,5841574.0,5700000.0,5735804.0,392.2107,2022-03-30
5737501.0,5788888.0,5512005.0,5551155.0,383.1994,2022-03-31
5548480.0,5743885.0,5434678.0,5669999.0,512.2090,2022-04-01
5670000.0,5780866.0,5593611.0,5612719.0,214.5786,2022-04-02
5613176.0,5813163.0,5583096.0,5693627.0,233.4885,2022-04-03
5693627.0,5754899.0,5545200.0,5723809.0,295.2983,2022-04-04
5723590.0,5801198.0,5620000.0,5638266.0,405.2300,2022-04-05
5633250.0,5639182.0,5341952.0,5348155.0,606.8724,2022-04-06
5348155.0,5447487.0,5292541.0,5395916.0,469.1041,2022-04-07
5395917.0,5469936.0,5239422.0,5261421.0,411.4082,2022-04-08
5259504.0,5327423.0,5247500.0,5323723.0,131.7080,2022-04-09
5323723.0,5394999.0,5212002.0,5249338.0,187.6552,2022-04-10
5249506.0,5311413.0,4926601.0,4961667.0,552.1072,2022-04-11
4963556.0,5114998.0,4928888.0,5032218.0,578.0015,2022-04-12
5032662.0,5217345.0,4991234.0,5162855.0,520.3940,2022-04-13
5162856.0,5201931.0,4989898.0,5045573.0,358.6176,2022-04-14
5045590.0,5167997.0,5024475.0,5134199.0,370.2112,2022-04-15
5134209.0,5148863.0,5065852.0,5114629.0,108.8337,2022-04-16
5114629.0,5137759.0,5001420.0,5028642.0,127.3843,2022-04-17
5028967.0,5217527.0,4890000.0,5184418.0,570.7619,2022-04-18
5184923.0,5375000.0,5184923.0,5366366.0,275.0375,2022-04-19
5366997.0,5405325.0,5226828.0,5302227.0,380.7773,2022-04-20
5299933.0,5508457.0,5104474.0,5204790.0,427.6585,2022-04-21
5205691.0,5228374.0,5047044.0,5109000.0,337.6946,2022-04-22
5109001.0,5134936.0,5055000.0,5072001.0,123.9559,2022-04-23
5074382.0,5135600.0,5020036.0,5081170.0,168.8269,2022-04-24
5080239.0,5196820.0,4915306.0,5171976.0,590.2778,2022-04-25
5171976.0,5220000.0,4812122.0,4859740.0,537.0921,2022-04-26
4859740.0,5064470.0,4835265.0,5043961.0,473.4588,2022-04-27
5043961.0,5291873.0,5034582.0,5202666.0,497.8740,2022-04-28
5202103.0,5211427.0,4965321.0,5026516.0,376.3268,2022-04-29
5026130.0,5047410.0,4896024.0,4905454.0,215.6095,2022-04-30
4904441.0,5024652.0,4876830.0,5006030.0,280.5742,2022-05-01
5004893.0,5115800.0,4955311.0,5014385.0,381.8048,2022-05-02
5014402.0,5032009.0,4891000.0,4915000.0,195.3450,2022-05-03
4915001.0,5160000.0,4907101.0,5125340.0,424.2201,2022-05-04
5125341.0,5143999.0,4654910.0,4774202.0,638.5442,2022-05-05
4774202.0,4795280.0,4617721.0,4707764.0,560.0693,2022-05-06
4707761.0,4720000.0,4550415.0,4640145.0,219.0036,2022-05-07
4640146.0,4641988.0,4412121.0,4456545.0,398.0430,2022-05-08
4457628.0,4492727.0,3934256.0,3937791.0,1354.1239,2022-05-09
3937788.0,4276321.0,3890000.0,4058335.0,1335.7860,2022-05-10
4058322.0,4180000.0,3630001.0,3789697.0,2021.6651,2022-05-11
3789999.0,3950000.0,3422275.0,3726058.0,2260.1210,2022-05-12
3727722.0,4025193.0,3690165.0,3795509.0,1104.2163,2022-05-13
3795509.0,3923101.0,3701112.0,3892322.0,364.2916,2022-05-14
3892322.0,4070010.0,3814824.0,4053799.0,401.6809,2022-05-15
4053724.0,4053724.0,3756114.0,3851247.0,692.6813,2022-05-16
3852741.0,3982890.0,3805328.0,3940001.0,437.9209,2022-05-17
3940506.0,3968322.0,3661946.0,3669308.0,504.6845,2022-05-18
3669648.0,3898372.0,3669648.0,3876112.0,487.2147,2022-05-19
3876111.0,3938000.0,3669420.0,3734710.0,464.3486,2022-05-20
3735136.0,3788367.0,3704194.0,3762679.0,110.8231,2022-05-21
3762738.0,3899459.0,3742651.0,3873715.0,245.3675,2022-05-22
3873439.0,3915368.0,3690521.0,3720011.0,465.3455,2022-05-23
3721123.0,3785764.0,3632500.0,3757783.0,463.9208,2022-05-24
3758083.0,3841048.0,3728012.0,3754245.0,397.4689,2022-05-25
3754493.0,3803946.0,3565691.0,3708298.0,649.0510,2022-05-26
3708168.0,3730000.0,3600000.0,3634808.0,545.7638,2022-05-27
3637217.0,3714192.0,3628715.0,3689518.0,157.6537,2022-05-28
3689557.0,3760000.0,3669092.0,3749801.0,131.8706,2022-05-29
3749807.0,4102000.0,3722000.0,4051040.0,642.0910,2022-05-30
4049746.0,4160000.0,4000001.0,4090193.0,464.6380,2022-05-31
4092222.0,4123443.0,3812361.0,3876711.0,594.6446,2022-06-01
3878370.0,3983740.0,3837415.0,3955327.0,480.8232,2022-06-02
3955327.0,3982310.0,3818214.0,3888001.0,431.0637,2022-06-03
3888001.0,3921365.0,3859292.0,3901835.0,126.3144,2022-06-04
3902222.0,3943001.0,3863000.0,3907729.0,172.5307,2022-06-05
3906483.0,4157653.0,3905001.0,4141111.0,512.6263,2022-06-06
4141111.0,4186281.0,3880103.0,4127502.0,1029.7063,2022-06-07
4127875.0,4148686.0,3971248.0,4056501.0,674.7423,2022-06-08
4056501.0,4099934.0,4003240.0,4040936.0,483.8010,2022-06-09
4040936.0,4062682.0,3881369.0,3911394.0,509.6940,2022-06-10
3911394.0,3956404.0,3783449.0,3820263.0,379.3420,2022-06-11
3822307.0,3837776.0,3588775.0,3588800.0,486.6388,2022-06-12
3588220.0,3624998.0,2965961.0,3032111.0,1803.4048,2022-06-13
3030230.0,3146709.0,2811669.0,2995907.0,1880.1577,2022-06-14
2994359.0,3063999.0,2714896.0,3035446.0,2260.6251,2022-06-15
3035294.0,3090000.0,2683700.0,2703333.0,941.9485,2022-06-16
2705027.0,2874694.0,2684244.0,2762719.0,804.1149,2022-06-17
2763628.0,2804319.0,2401111.0,2566722.0,1347.0495,2022-06-18
2565688.0,2815285.0,2431241.0,2784975.0,1082.4848,2022-06-19
2783562.0,2844937.0,2650365.0,2776174.0,983.8909,2022-06-20
2776635.0,2955340.0,2746437.0,2824878.0,656.6565,2022-06-21
2826035.0,2841147.0,2693075.0,2716287.0,862.2291,2022-06-22
2717280.0,2858575.0,2705759.0,2846568.0,720.1249,2022-06-23
2846563.0,2912137.0,2791010.0,2871100.0,716.8272,2022-06-24
2871100.0,2914396.0,2830036.0,2902290.0,444.5042,2022-06-25
2903316.0,2954804.0,2833440.0,2843621.0,371.8311,2022-06-26
2843620.0,2904023.0,2782285.0,2810054.0,486.2276,2022-06-27
2810054.0,2877300.0,2753527.0,2760601.0,473.0703,2022-06-28
2760601.0,2788043.0,2707014.0,2746591.0,484.3131,2022-06-29
2746176.0,2754261.0,2534700.0,2710904.0,528.8015,2022-06-30
2711463.0,2838883.0,2573175.0,2608210.0,611.4085,2022-07-01
2609959.0,2631999.0,2573836.0,2605557.0,203.8114,2022-07-02
2605558.0,2657952.0,2545330.0,2610914.0,209.0244,2022-07-03
2610915.0,2762609.0,2580000.0,2747873.0,325.2736,2022-07-04
2748770.0,2816000.0,2625713.0,2736006.0,732.5170,2022-07-05
2732500.0,2807660.0,2674763.0,2793354.0,500.0254,2022-07-06
2793278.0,2966772.0,2750464.0,2935076.0,491.4136,2022-07-07
2935911.0,3050000.0,2890147.0,2939996.0,616.5830,2022-07-08
2938841.0,2986802.0,2906129.0,2935999.0,191.8152,2022-07-09
2936314.0,2937018.0,2812618.0,2842193.0,200.1349,2022-07-10
2844267.0,2857495.0,2731601.0,2745757.0,282.1559,2022-07-11
2744388.0,2757969.0,2637000.0,2641863.0,436.0887,2022-07-12
2644064.0,2799985.0,2600000.0,2789000.0,736.8988,2022-07-13
2789000.0,2895487.0,2730424.0,2855947.0,474.2919,2022-07-14
2856698.0,2935789.0,2829952.0,2884865.0,519.6914,2022-07-15
2884999.0,2984008.0,2837044.0,2935373.0,317.3083,2022-07-16
2934184.0,2997706.0,2873725.0,2875971.0,314.7941,2022-07-17
2877113.0,3141796.0,2873094.0,3103516.0,754.5888,2022-07-18
3102110.0,3289540.0,2980000.0,3236045.0,1076.0383,2022-07-19
3236179.0,3356023.0,3132769.0,3214998.0,701.9410,2022-07-20
3213994.0,3242295.0,3090001.0,3174525.0,534.6452,2022-07-21
3174629.0,3243999.0,3069504.0,3092499.0,501.6950,2022-07-22
3092499.0,3134859.0,2992670.0,3060276.0,286.9425,2022-07-23
3060278.0,3133120.0,3034308.0,3079667.0,257.7606,2022-07-24
3079655.0,3094029.0,2903972.0,2909621.0,514.8331,2022-07-25
2910237.0,2917819.0,2834164.0,2914753.0,357.3315,2022-07-26
2915650.0,3153942.0,2887587.0,3125210.0,608.3835,2022-07-27
3124999.0,3239999.0,3060659.0,3203934.0,717.3444,2022-07-28
3203636.0,3249959.0,3146061.0,3168674.0,524.8509,2022-07-29
3170990.0,3281090.0,3136011.0,3152592.0,578.7540,2022-07-30
3152591.0,3222762.0,3097887.0,3112710.0,286.7097,2022-07-31
3112099.0,3113548.0,3020008.0,3070931.0,546.9079,2022-08-01
3068812.0,3104563.0,2968779.0,3067134.0,452.4217,2022-08-02
3066319.0,3162000.0,3027305.0,3060377.0,369.2343,2022-08-03
3060376.0,3108397.0,2986021.0,3005000.0,311.2264,2022-08-04
3005000.0,3154199.0,3004645.0,3145298.0,405.0422,2022-08-05
3146244.0,3150000.0,3092868.0,3097425.0,124.5753,2022-08-06
3097810.0,3158000.0,3084767.0,3130476.0,159.5953,2022-08-07
3130343.0,3266932.0,3130342.0,3210739.0,415.5732,2022-08-08
3211201.0,3228276.0,3090254.0,3131901.0,327.7066,2022-08-09
3131901.0,3221302.0,3072971.0,3183010.0,540.8505,2022-08-10
3182011.0,3289443.0,3178000.0,3189002.0,475.7038,2022-08-11
3189002.0,3260000.0,3169001.0,3256294.0,290.0439,2022-08-12
3256665.0,3318000.0,3246888.0,3266630.0,296.5919,2022-08-13
3267818.0,3338999.0,3230714.0,3246424.0,236.0422,2022-08-14
3246424.0,3359000.0,3172183.0,3215000.0,596.6105,2022-08-15
3214330.0,3243991.0,3183291.0,3207419.0,230.3831,2022-08-16
3207001.0,3281997.0,3140000.0,3155095.0,416.0537,2022-08-17
3155095.0,3189147.0,3145001.0,3154319.0,250.4467,2022-08-18
3154319.0,3154935.0,2854580.0,2858501.0,676.8536,2022-08-19
2858501.0,2932000.0,2854580.0,2904745.0,333.0537,2022-08-20
2904460.0,2984365.0,2891699.0,2952468.0,238.0370,2022-08-21
2952468.0,2964996.0,2863412.0,2948126.0,252.4552,2022-08-22
2947288.0,2968768.0,2879056.0,2944389.0,443.1946,2022-08-23
2944505.0,2996932.0,2901000.0,2932404.0,393.4299,2022-08-24
2932403.0,2979329.0,2921254.0,2949477.0,334.3210,2022-08-25
2948427.0,2988622.0,2770610.0,2790697.0,854.5445,2022-08-26
2790000.0,2809890.0,2732670.0,2761523.0,247.0638,2022-08-27
2761522.0,2780000.0,2705028.0,2705811.0,205.1019,2022-08-28
2707213.0,2835000.0,2707213.0,2815408.0,337.0093,2022-08-29
2815349.0,2852888.0,2717445.0,2750444.0,366.9002,2022-08-30
2753539.0,2834872.0,2752539.0,2795695.0,270.1342,2022-08-31
2795070.0,2827151.0,2743008.0,2817632.0,279.6513,2022-09-01
2818613.0,2863812.0,2771462.0,2803133.0,334.4443,2022-09-02
2803132.0,2812109.0,2761381.0,2783807.0,101.1193,2022-09-03
2784503.0,2810409.0,2751382.0,2809707.0,133.0477,2022-09-04
2809729.0,2816331.0,2762826.0,2781513.0,224.3181,2022-09-05
2781513.0,2837087.0,2666668.0,2692887.0,598.7942,2022-09-06
2692809.0,3360000.0,2658000.0,2777777.0,609.1110,2022-09-07
2779366.0,2796259.0,2742639.0,2775792.0,388.6169,2022-09-08
2775791.0,3076320.0,2774793.0,3044633.0,631.3417,2022-09-09
3044633.0,3102958.0,3015036.0,3086000.0,354.2232,2022-09-10
3084169.0,3112500.0,3042493.0,3112369.0,244.2762,2022-09-11
3111169.0,3207000.0,3080293.0,3192916.0,503.5424,2022-09-12
3192917.0,3230027.0,2875002.0,2918050.0,969.0870,2022-09-13
2918050.0,2966152.0,2810001.0,2891714.0,545.4220,2022-09-14
2892320.0,2919001.0,2800601.0,2824144.0,474.0198,2022-09-15
2824145.0,2847583.0,2771545.0,2829997.0,344.1762,2022-09-16
2829998.0,2884990.0,2827996.0,2878564.0,194.6337,2022-09-17
2878565.0,2878565.0,2770128.0,2775219.0,281.5882,2022-09-18
2775268.0,2816619.0,2631000.0,2799138.0,574.2171,2022-09-19
2798063.0,2809000.0,2693026.0,2710277.0,316.5591,2022-09-20
2710400.0,2866789.0,2621432.0,2669211.0,838.5505,2022-09-21
2668144.0,2782940.0,2655955.0,2764211.0,736.5961,2022-09-22
2765058.0,2778000.0,2661000.0,2762858.0,429.3221,2022-09-23
2762859.0,2763000.0,2695683.0,2712137.0,232.3481,2022-09-24
2711531.0,2744347.0,2674985.0,2700652.0,184.0875,2022-09-25
2699751.0,2782013.0,2692606.0,2776549.0,436.9526,2022-09-26
2777689.0,2942970.0,2727899.0,2764576.0,747.1901,2022-09-27
2764379.0,2845000.0,2685000.0,2799999.0,550.2074,2022-09-28
2800000.0,2835000.0,2727992.0,2828510.0,418.3220,2022-09-29
2828510.0,2916960.0,2776053.0,2813345.0,466.8530,2022-09-30
2812890.0,2820177.0,2776061.0,2795703.0,130.1380,2022-10-01
2795704.0,2806328.0,2746150.0,2762417.0,189.2864,2022-10-02
2763000.0,2847296.0,2752437.0,2837837.0,280.5077,2022-10-03
2837838.0,2943000.0,2826755.0,2923647.0,378.2048,2022-10-04
2923663.0,2932073.0,2855346.0,2906624.0,354.1231,2022-10-05
2906701.0,2954074.0,2880000.0,2895999.0,377.2396,2022-10-06
2896000.0,2907971.0,2811112.0,2842075.0,379.1490,2022-10-07
2842074.0,2853294.0,2800000.0,2823196.0,104.1777,2022-10-08
2823195.0,2844344.0,2812290.0,2829983.0,85.5268,2022-10-09
2829983.0,2841000.0,2780000.0,2789182.0,243.1849,2022-10-10
2789861.0,2807504.0,2754488.0,2783024.0,285.9111,2022-10-11
2784046.0,2822999.0,2784046.0,2811634.0,277.9347,2022-10-12
2811424.0,2872000.0,2691000.0,2855261.0,647.8784,2022-10-13
2854932.0,2932520.0,2840001.0,2853987.0,432.0637,2022-10-14
2853987.0,2859677.0,2825001.0,2835730.0,105.1249,2022-10-15
2836247.0,2884999.0,2836247.0,2862443.0,147.1812,2022-10-16
2862443.0,2922000.0,2848260.0,2911749.0,190.5509,2022-10-17
2911000.0,2931610.0,2852636.0,2886075.0,280.7384,2022-10-18
2886074.0,2888872.0,2860037.0,2865664.0,189.7970,2022-10-19
2865664.0,2894074.0,2837516.0,2860001.0,274.9395,2022-10-20
2860000.0,2893611.0,2802888.0,2838654.0,480.9631,2022-10-21
2838653.0,2847081.0,2830075.0,2841105.0,99.8877,2022-10-22
2841106.0,2928087.0,2825001.0,2886499.0,253.8073,2022-10-23
2886499.0,2906910.0,2858981.0,2879434.0,245.3072,2022-10-24
2879151.0,3013333.0,2868754.0,2967062.0,397.7142,2022-10-25
2967062.0,3082392.0,2963000.0,3034074.0,478.3444,2022-10-26
3034073.0,3048213.0,2957506.0,2968736.0,323.9207,2022-10-27
2969000.0,3064000.0,2952000.0,3036483.0,356.0100,2022-10-28
3036487.0,3108291.0,3032680.0,3070921.0,233.9014,2022-10-29
3070921.0,3086005.0,3031111.0,3050982.0,180.3761,2022-10-30
3051013.0,3093000.0,3015123.0,3054000.0,308.8544,2022-10-31
3054001.0,3060448.0,3013647.0,3034366.0,269.8365,2022-11-01
3034365.0,3044998.0,2975000.0,2987921.0,373.2355,2022-11-02
2987921.0,3015000.0,2971793.0,2998240.0,224.8620,2022-11-03
2998240.0,3115800.0,2996075.0,3100001.0,401.1482,2022-11-04
3100002.0,3146615.0,3092306.0,3124680.0,182.9748,2022-11-05
3124680.0,3132289.0,3074968.0,3076074.0,139.3281,2022-11-06
3076075.0,3108000.0,3000000.0,3024022.0,377.1992,2022-11-07
3024062.0,3033820.0,2650000.0,2711781.0,1199.4173,2022-11-08
2711160.0,2720145.0,2300000.0,2336945.0,1566.1322,2022-11-09
2337869.0,2600000.0,2319159.0,2502496.0,1661.2079,2022-11-10
2502496.0,2519314.0,2300000.0,2370092.0,1299.9700,2022-11-11
2370330.0,2378528.0,2310000.0,2324288.0,455.8464,2022-11-12
2325126.0,2345000.0,2250000.0,2273979.0,493.0236,2022-11-13
2273980.0,2411353.0,2205244.0,2326143.0,843.7629,2022-11-14
2326142.0,2381479.0,2318246.0,2346759.0,507.4705,2022-11-15
2346759.0,2378859.0,2285002.0,2324578.0,385.5544,2022-11-16
2323948.0,2347829.0,2293000.0,2342680.0,256.3661,2022-11-17
2341794.0,2382858.0,2321296.0,2345124.0,251.5319,2022-11-18
2345124.0,2363713.0,2325000.0,2345260.0,87.9652,2022-11-19
2345243.0,2349097.0,2272316.0,2284841.0,161.4879,2022-11-20
2284001.0,2309984.0,2206000.0,2246974.0,428.4624,2022-11-21
2246884.0,2303365.0,2220000.0,2289167.0,378.4658,2022-11-22
2289999.0,2359000.0,2279450.0,2316480.0,324.3143,2022-11-23
2316277.0,2334996.0,2286971.0,2306891.0,230.9274,2022-11-24
2306719.0,2320000.0,2269383.0,2306761.0,168.8682,2022-11-25
2306761.0,2329712.0,2290000.0,2301125.0,138.3310,2022-11-26
2301125.0,2323000.0,2301031.0,2303562.0,83.2933,2022-11-27
2303563.0,2308199.0,2237664.0,2257002.0,306.0593,2022-11-28
2257002.0,2297274.0,2240000.0,2286294.0,257.1355,2022-11-29
2286294.0,2384287.0,2286293.0,2364671.0,359.0326,2022-11-30
2364672.0,2372147.0,2297000.0,2306372.0,369.6839,2022-12-01
2306751.0,2319717.0,2283059.0,2303690.0,199.7633,2022-12-02
2303690.0,2312496.0,2276931.0,2277573.0,63.1271,2022-12-03
2277970.0,2315734.0,2277943.0,2307994.0,101.0366,2022-12-04
2307991.0,2356000.0,2304303.0,2320007.0,214.9539,2022-12-05
2320360.0,2343999.0,2315189.0,2342264.0,211.5628,2022-12-06
2341831.0,2348485.0,2293000.0,2301245.0,208.3668,2022-12-07
2301245.0,2362988.0,2295594.0,2353028.0,283.4863,2022-12-08
2353022.0,2359714.0,2331548.0,2342164.0,289.6946,2022-12-09
2342164.0,2354998.0,2341899.0,2342091.0,42.1227,2022-12-10
2342090.0,2360999.0,2340051.0,2341438.0,64.0114,2022-12-11
2341438.0,2369787.0,2316000.0,2367001.0,340.5807,2022-12-12
2367001.0,2453576.0,2352993.0,2411700.0,400.1967,2022-12-13
2411448.0,2480000.0,2392391.0,2414012.0,295.2583,2022-12-14
2414012.0,2427256.0,2380000.0,2392984.0,239.5878,2022-12-15
2392609.0,2403117.0,2264606.0,2278001.0,508.7698,2022-12-16
2278001.0,2300000.0,2273002.0,2298924.0,142.8471,2022-12-17
2298924.0,2300000.0,2280000.0,2289000.0,133.5468,2022-12-18
2289001.0,2291330.0,2233552.0,2254542.0,337.0081,2022-12-19
2254195.0,2313930.0,2210000.0,2234528.0,466.8839,2022-12-20
2234376.0,2240803.0,2220723.0,2232773.0,164.8983,2022-12-21
2232773.0,2234750.0,2200000.0,2229416.0,236.4887,2022-12-22
2229417.0,2250000.0,2224288.0,2232922.0,216.0151,2022-12-23
2232922.0,2243968.0,2232922.0,2242580.0,79.1804,2022-12-24
2242580.0,2242580.0,2228405.0,2239840.0,87.7927,2022-12-25
2239841.0,2248369.0,2234367.0,2247778.0,186.7758,2022-12-26
2247779.0,2252543.0,2216214.0,2232499.0,190.7044,2022-12-27
2232500.0,2248000.0,2216353.0,2218081.0,198.3493,2022-12-28
2218074.0,2225769.0,2205505.0,2215000.0,103.4734,2022-12-29
2215001.0,2215001.0,2165861.0,2185007.0,213.7150,2022-12-30
2185007.0,2187000.0,2170000.0,2176085.0,451.0268,2022-12-31
2176084.0,2182553.0,2172469.0,2179646.0,94.1203,2023-01-01
2179647.0,2199999.0,2175775.0,2185789.0,177.9732,2023-01-02
2185786.0,2192566.0,2168036.0,2190384.0,229.1887,2023-01-03
2190385.0,2250800.0,2184356.0,2230402.0,221.7525,2023-01-04
2230402.0,2260000.0,2219800.0,2245779.0,173.8537,2023-01-05
2245779.0,2260614.0,2226500.0,2243638.0,195.2441,2023-01-06
2243639.0,2246002.0,2239296.0,2241258.0,42.3191,2023-01-07
2241258.0,2266000.0,2239017.0,2260197.0,86.9897,2023-01-08
2261264.0,2293920.0,2260250.0,2267274.0,222.6187,2023-01-09
2266405.0,2313000.0,2263867.0,2307001.0,187.0867,2023-01-10
2306889.0,2372969.0,2296743.0,2367622.0,264.3998,2023-01-11
2366949.0,2468959.0,2342000.0,2438999.0,487.2566,2023-01-12
2438889.0,2558937.0,2420204.0,2551283.0,305.3171,2023-01-13
2551257.0,2720000.0,2545761.0,2681573.0,464.6145,2023-01-14
2681573.0,2692998.0,2636361.0,2676775.0,174.6032,2023-01-15
2676775.0,2760295.0,2660000.0,2723409.0,417.3000,2023-01-16
2724211.0,2777777.0,2697000.0,2716453.0,303.1882,2023-01-17
2716549.0,2804998.0,2630000.0,2657778.0,492.3876,2023-01-18
2657777.0,2719999.0,2655565.0,2707875.0,198.0705,2023-01-19
2707873.0,2944212.0,2702336.0,2938000.0,346.2652,2023-01-20
2938001.0,3029950.0,2903351.0,2952531.0,410.3663,2023-01-21
2954194.0,2997855.0,2897435.0,2945837.0,318.3745,2023-01-22
2945837.0,3025499.0,2931680.0,2997102.0,338.7491,2023-01-23
2997102.0,3019028.0,2933042.0,2953000.0,298.2812,2023-01-24
2953000.0,3080000.0,2904389.0,2984001.0,433.8931,2023-01-25
2984002.0,3024939.0,2964674.0,2994531.0,289.1104,2023-01-26
2994501.0,3056801.0,2935000.0,3002527.0,257.3986,2023-01-27
3002528.0,3014188.0,2981235.0,2995248.0,101.0878,2023-01-28
2995248.0,3110953.0,2991031.0,3088821.0,359.0263,2023-01-29
3087963.0,3097376.0,2955315.0,2996033.0,429.6191,2023-01-30
2993917.0,3034392.0,2973300.0,3014463.0,308.0244,2023-01-31
3014445.0,3074409.0,2962001.0,3053452.0,321.6517,2023-02-01
3054380.0,3112256.0,3015000.0,3034959.0,296.5599,2023-02-02
3034280.0,3105766.0,3015001.0,3076582.0,270.7714,2023-02-03
3076582.0,3094602.0,3055566.0,3061552.0,93.5118,2023-02-04
3061553.0,3077605.0,3003000.0,3035318.0,261.0733,2023-02-05
3035318.0,3072759.0,2991000.0,3020995.0,279.0470,2023-02-06
3020994.0,3056422.0,2993508.0,3049193.0,195.2363,2023-02-07
3048847.0,3066083.0,2996400.0,3022984.0,203.2557,2023-02-08
3022985.0,3030800.0,2866710.0,2875095.0,373.2564,2023-02-09
2875779.0,2893538.0,2830100.0,2850270.0,275.2888,2023-02-10
2850270.0,2884000.0,2849000.0,2882374.0,106.2775,2023-02-11
2882373.0,2909722.0,2853001.0,2871224.0,107.3396,2023-02-12
2871224.0,2897000.0,2840037.0,2888014.0,188.9061,2023-02-13
2888013.0,2965498.0,2865987.0,2957288.0,276.4700,2023-02-14
2957289.0,3250000.0,2936854.0,3248538.0,470.9214,2023-02-15
3248538.0,3380000.0,3150000.0,3151845.0,505.4551,2023-02-16
3151273.0,3348999.0,3126183.0,3293719.0,413.2930,2023-02-17
3294414.0,3336948.0,3282601.0,3306721.0,146.6519,2023-02-18
3306722.0,3375517.0,3258068.0,3265774.0,215.6536,2023-02-19
3264759.0,3367492.0,3211000.0,3337339.0,340.2793,2023-02-20
3337182.0,3406656.0,3270597.0,3308292.0,361.0166,2023-02-21
3308291.0,3311877.0,3186093.0,3270474.0,361.4698,2023-02-22
3270525.0,3320877.0,3191105.0,3226807.0,334.1293,2023-02-23
3226807.0,3259450.0,3129246.0,3169735.0,299.5407,2023-02-24
3169798.0,3174187.0,3111885.0,3165447.0,206.1284,2023-02-25
3165397.0,3234014.0,3153205.0,3216722.0,141.2781,2023-02-26
3216723.0,3250000.0,3154211.0,3204000.0,223.9205,2023-02-27
3204000.0,3224872.0,3141236.0,3158202.0,191.9395,2023-02-28
3159034.0,3259119.0,3145249.0,3224161.0,282.6000,2023-03-01
3223891.0,3240000.0,3181850.0,3211710.0,166.0309,2023-03-02
3211709.0,3211710.0,3016194.0,3044583.0,374.4569,2023-03-03
3045750.0,3051956.0,3025749.0,3043789.0,98.0794,2023-03-04
3043790.0,3085075.0,3030000.0,3057065.0,115.0316,2023-03-05
3057065.0,3075716.0,3038753.0,3051893.0,160.4047,2023-03-06
3051893.0,3073902.0,3011086.0,3054562.0,223.1840,2023-03-07
3054562.0,3064999.0,2954712.0,2978001.0,204.5708,2023-03-08
2978480.0,2988000.0,2760000.0,2791200.0,385.2422,2023-03-09
2791200.0,2791467.0,2671097.0,2732999.0,655.2445,2023-03-10
2732999.0,2814521.0,2693539.0,2788471.0,315.4261,2023-03-11
2788016.0,2994295.0,2768000.0,2989196.0,337.2543,2023-03-12
2991262.0,3260001.0,2921589.0,3208925.0,828.1069,2023-03-13
3208925.0,3545814.0,3201894.0,3317500.0,1085.2246,2023-03-14
3318884.0,3375566.0,3181388.0,3240493.0,612.0730,2023-03-15
3241494.0,3367890.0,3220199.0,3350002.0,379.8935,2023-03-16
3350001.0,3662462.0,3341391.0,3620000.0,902.7850,2023-03-17
3620000.0,3658662.0,3533521.0,3565419.0,450.5659,2023-03-18
3567034.0,3755000.0,3555342.0,3718739.0,414.4401,2023-03-19
3718740.0,3749899.0,3605149.0,3675221.0,459.0899,2023-03-20
3675222.0,3769939.0,3630000.0,3730000.0,476.6225,2023-03-21
3730000.0,3829950.0,3529478.0,3617281.0,636.7609,2023-03-22
3617282.0,3789197.0,3591700.0,3713812.0,487.8790,2023-03-23
3713812.0,3719207.0,3560000.0,3610678.0,529.4340,2023-03-24
3611279.0,3650000.0,3573001.0,3610029.0,129.9069,2023-03-25
3610030.0,3695000.0,3606637.0,3672618.0,192.1506,2023-03-26
3672619.0,3688794.0,3505239.0,3575242.0,408.0366,2023-03-27
3575242.0,3609001.0,3510100.0,3577081.0,341.8997,2023-03-28
3577081.0,3776883.0,3573719.0,3755500.0,511.5664,2023-03-29
3755200.0,3862359.0,3676985.0,3738991.0,512.5509,2023-03-30
3738991.0,3812400.0,3680000.0,3786615.0,426.0406,2023-03-31
3786242.0,3830108.0,3761400.0,3789961.0,166.3879,2023-04-01
3789961.0,3795802.0,3721107.0,3768360.0,167.4305,2023-04-02
3768360.0,3805800.0,3638000.0,3691370.0,447.4073,2023-04-03
3691370.0,3782749.0,3679186.0,3715972.0,300.4437,2023-04-04
3715618.0,3790982.0,3679699.0,3709352.0,358.9436,2023-04-05
3708981.0,3728274.0,3666666.0,3698976.0,226.9771,2023-04-06
3699955.0,3714782.0,3682001.0,3704144.0,154.7585,2023-04-07
3704145.0,3729999.0,3698697.0,3707223.0,92.7337,2023-04-08
3707223.0,3767000.0,3690037.0,3744053.0,159.2505,2023-04-09
3744053.0,3975000.0,3744052.0,3958191.0,394.6670,2023-04-10
3958191.0,4085515.0,3948016.0,4039125.0,479.7560,2023-04-11
4039125.0,4056713.0,3955001.0,3984943.0,402.1656,2023-04-12
3984943.0,4050124.0,3984943.0,4030000.0,449.2449,2023-04-13
4030000.0,4110494.0,4024562.0,4080001.0,402.0193,2023-04-14
4080001.0,4093693.0,4055000.0,4065001.0,100.2557,2023-04-15
4065001.0,4087980.0,4044200.0,4062344.0,144.0954,2023-04-16
4061502.0,4062981.0,3940750.0,3969701.0,344.6191,2023-04-17
3969701.0,4083671.0,3924567.0,4065811.0,338.3146,2023-04-18
4068275.0,4075700.0,3874476.0,3896249.0,570.9955,2023-04-19
3896251.0,3920114.0,3762006.0,3788098.0,504.8902,2023-04-20
3788098.0,3809999.0,3644345.0,3660847.0,464.9235,2023-04-21
3660847.0,3757999.0,3641111.0,3750001.0,225.8037,2023-04-22
3750001.0,3751058.0,3674045.0,3705607.0,176.7915,2023-04-23
3705607.0,3754551.0,3639999.0,3695083.0,278.5890,2023-04-24
3695083.0,3797286.0,3651000.0,3783733.0,263.9935,2023-04-25
3783734.0,4018329.0,3658000.0,3804349.0,811.1189,2023-04-26
3802780.0,4000000.0,3795986.0,3941668.0,925.2500,2023-04-27
3941503.0,4013998.0,3930028.0,3997000.0,449.3068,2023-04-28
3997001.0,4013676.0,3965454.0,3989474.0,144.7590,2023-04-29
3989474.0,4077823.0,3971790.0,3991037.0,230.7099,2023-04-30
3992648.0,4015648.0,3820000.0,3878060.0,360.2606,2023-05-01
3878049.0,3949605.0,3843068.0,3922000.0,246.1836,2023-05-02
3922111.0,3946113.0,3826000.0,3912366.0,254.7736,2023-05-03
3913377.0,3959020.0,3868672.0,3889707.0,201.8679,2023-05-04
3889707.0,3999999.0,3886902.0,3979122.0,322.9041,2023-05-05
3979130.0,4016412.0,3855721.0,3907178.0,301.8878,2023-05-06
3907178.0,3940700.0,3851569.0,3852001.0,165.4624,2023-05-07
3852001.0,3879998.0,3710000.0,3766797.0,352.7995,2023-05-08
3766798.0,3774133.0,3715453.0,3748001.0,200.9370,2023-05-09
3748001.0,3814352.0,3640000.0,3718510.0,452.9651,2023-05-10
3718511.0,3718654.0,3604991.0,3638374.0,319.5773,2023-05-11
3637234.0,3655975.0,3512456.0,3644068.0,486.3504,2023-05-12
3646478.0,3677886.0,3633682.0,3646644.0,130.4707,2023-05-13
3646465.0,3695514.0,3612558.0,3665501.0,119.2702,2023-05-14
3665501.0,3763614.0,3642336.0,3699000.0,352.0236,2023-05-15
3699001.0,3712552.0,3656000.0,3688999.0,244.6697,2023-05-16
3688999.0,3779884.0,3646993.0,3768618.0,255.6695,2023-05-17
3768947.0,3793194.0,3660000.0,3725000.0,286.9144,2023-05-18
3725001.0,3746476.0,3675000.0,3716088.0,156.9423,2023-05-19
3716088.0,3748109.0,3710645.0,3745000.0,52.0072,2023-05-20
3745710.0,3765697.0,3691546.0,3693053.0,121.5186,2023-05-21
3693054.0,3750365.0,3662452.0,3724800.0,190.4586,2023-05-22
3725092.0,3804065.0,3716710.0,3769367.0,452.0255,2023-05-23
3769330.0,3769331.0,3642212.0,3676972.0,379.0570,2023-05-24
3676667.0,3727233.0,3617693.0,3709733.0,231.1457,2023-05-25
3709845.0,3775421.0,3685988.0,3753687.0,265.7788,2023-05-26
3753688.0,3773154.0,3735002.0,3769903.0,101.8829,2023-05-27
3770663.0,3970000.0,3762321.0,3949210.0,252.9820,2023-05-28
3949209.0,3999900.0,3870000.0,3898548.0,317.9128,2023-05-29
3898549.0,3932334.0,3855000.0,3872999.0,278.7038,2023-05-30
3872825.0,3885239.0,3760000.0,3794029.0,322.0230,2023-05-31
3794029.0,3811660.0,3712916.0,3728000.0,244.2947,2023-06-01
3728000.0,3823827.0,3696000.0,3818183.0,237.2662,2023-06-02
3818184.0,3829999.0,3775301.0,3791983.0,80.6477,2023-06-03
3793526.0,3845842.0,3778577.0,3807998.0,75.7856,2023-06-04
3806634.0,3806634.0,3570000.0,3622222.0,437.3206,2023-06-05
3622222.0,3811360.0,3561001.0,3795170.0,419.9986,2023-06-06
3795170.0,3813401.0,3670301.0,3694002.0,300.2757,2023-06-07
3693253.0,3725000.0,3672763.0,3684326.0,208.8969,2023-06-08
3684326.0,3733872.0,3671001.0,3693386.0,155.2597,2023-06-09
3694740.0,3702279.0,3561478.0,3620335.0,586.5269,2023-06-10
3620335.0,3660000.0,3593283.0,3619997.0,121.2176,2023-06-11
3619592.0,3644210.0,3592000.0,3617307.0,129.5059,2023-06-12
3617981.0,3689000.0,3611112.0,3638158.0,261.1065,2023-06-13
3639615.0,3653077.0,3509402.0,3531523.0,297.0058,2023-06-14
3530743.0,3613821.0,3505002.0,3592936.0,358.9058,2023-06-15
3592936.0,3758839.0,3565494.0,3731217.0,359.4286,2023-06-16
3731217.0,3792856.0,3710396.0,3757798.0,208.4722,2023-06-17
3757798.0,3781228.0,3725036.0,3734147.0,120.4572,2023-06-18
3734147.0,3832258.0,3727033.0,3808662.0,289.7656,2023-06-19
3808662.0,4000000.0,3781999.0,3990000.0,589.3097,2023-06-20
3990001.0,4359950.0,3983944.0,4240126.0,1111.9629,2023-06-21
4242656.0,4320000.0,4222001.0,4270251.0,551.6334,2023-06-22
4268002.0,4500000.0,4258104.0,4410494.0,557.1163,2023-06-23
4410802.0,4428064.0,4355006.0,4386216.0,239.7585,2023-06-24
4386216.0,4456633.0,4360000.0,4375773.0,223.2518,2023-06-25
4375773.0,4394999.0,4305000.0,4345116.0,344.5903,2023-06-26
4345116.0,4450000.0,4337117.0,4417168.0,332.9097,2023-06-27
4418433.0,4419372.0,4325555.0,4351547.0,295.0542,2023-06-28
4351015.0,4455000.0,4346527.0,4410925.0,276.2130,2023-06-29
4410925.0,4529878.0,4302000.0,4401834.0,691.6642,2023-06-30
4401834.0,4423741.0,4384902.0,4416366.0,137.4158,2023-07-01
4416367.0,4441989.0,4365000.0,4422222.0,121.5520,2023-07-02
4422703.0,4537275.0,4419919.0,4508284.0,300.6111,2023-07-03
4508285.0,4533353.0,4443001.0,4458500.0,246.5108,2023-07-04
4458210.0,4477443.0,4370000.0,4416277.0,229.3542,2023-07-05
4415947.0,4535000.0,4330000.0,4331000.0,489.8757,2023-07-06
4331001.0,4370000.0,4305000.0,4327653.0,249.2577,2023-07-07
4327653.0,4335815.0,4290943.0,4319999.0,111.5301,2023-07-08
4319999.0,4341587.0,4295269.0,4304208.0,102.1978,2023-07-09
4304039.0,4397500.0,4278486.0,4315823.0,212.8059,2023-07-10
4316365.0,4340000.0,4286564.0,4304598.0,204.0447,2023-07-11
4304599.0,4331468.0,4203000.0,4227919.0,266.2916,2023-07-12
4227920.0,4350000.0,4200000.0,4306362.0,778.4065,2023-07-13
4304083.0,4338580.0,4158500.0,4207713.0,724.3856,2023-07-14
4207713.0,4221605.0,4200794.0,4208220.0,194.2537,2023-07-15
4208220.0,4225462.0,4185069.0,4197728.0,162.8516,2023-07-16
4197667.0,4219053.0,4126037.0,4183788.0,245.6453,2023-07-17
4183787.0,4194088.0,4102000.0,4146878.0,428.4602,2023-07-18
4146879.0,4205877.0,4145345.0,4177979.0,289.0233,2023-07-19
4178262.0,4246577.0,4157485.0,4180049.0,308.1445,2023-07-20
4180049.0,4258913.0,4170000.0,4245048.0,220.1621,2023-07-21
4245048.0,4255500.0,4213001.0,4230380.0,84.7007,2023-07-22
4232519.0,4300000.0,4226205.0,4271164.0,113.1363,2023-07-23
4271165.0,4271165.0,4102750.0,4152286.0,327.2835,2023-07-24
4152279.0,4157039.0,4125000.0,4130580.0,191.6787,2023-07-25
4130580.0,4175992.0,4108000.0,4128492.0,190.2935,2023-07-26
4128491.0,4164010.0,4070001.0,4075001.0,226.2547,2023-07-27
4075001.0,4155000.0,4054720.0,4135401.0,365.7537,2023-07-28
4135401.0,4152000.0,4135302.0,4149480.0,48.9272,2023-07-29
4149480.0,4163256.0,4112201.0,4129814.0,110.8897,2023-07-30
4129814.0,4201000.0,4126944.0,4169926.0,238.9602,2023-07-31
4169926.0,4244224.0,4113900.0,4242384.0,322.0043,2023-08-01
4241929.0,4292397.0,4160000.0,4194256.0,336.1995,2023-08-02
4192220.0,4202362.0,4161496.0,4174488.0,202.9095,2023-08-03
4174417.0,4185881.0,4120000.0,4145776.0,219.2849,2023-08-04
4145776.0,4149864.0,4131000.0,4138702.0,51.5412,2023-08-05
4138702.0,4147000.0,4125000.0,4133888.0,77.8332,2023-08-06
4133888.0,4173817.0,4110000.0,4164637.0,202.9155,2023-08-07
4164637.0,4326000.0,4164636.0,4265000.0,363.6664,2023-08-08
4264493.0,4329218.0,4225452.0,4257445.0,290.2624,2023-08-09
4259331.0,4290799.0,4245688.0,4267471.0,178.2891,2023-08-10
4267471.0,4279582.0,4240746.0,4267120.0,86.2885,2023-08-11
4267120.0,4273000.0,4262811.0,4266999.0,41.0057,2023-08-12
4267000.0,4273470.0,4251813.0,4255614.0,65.5924,2023-08-13
4255614.0,4309527.0,4232320.0,4285040.0,190.6271,2023-08-14
4285040.0,4300000.0,4250001.0,4261086.0,203.1630,2023-08-15
4261087.0,4276228.0,4211111.0,4212042.0,197.6646,2023-08-16
4212042.0,4224783.0,3898989.0,3917261.0,816.3956,2023-08-17
3917261.0,3942445.0,3743000.0,3802069.0,611.3723,2023-08-18
3802069.0,3831221.0,3767488.0,3815500.0,219.9514,2023-08-19
3815500.0,3830498.0,3795447.0,3816095.0,132.7146,2023-08-20
3816095.0,3843684.0,3800000.0,3828706.0,187.1635,2023-08-21
3828707.0,3833000.0,3724319.0,3803198.0,280.6286,2023-08-22
3803198.0,3885857.0,3764585.0,3826952.0,255.3772,2023-08-23
3827881.0,3872658.0,3787010.0,3832028.0,241.6507,2023-08-24
3832091.0,3838953.0,3790501.0,3821272.0,229.2899,2023-08-25
3821272.0,3828510.0,3817917.0,3820063.0,55.7074,2023-08-26
3820063.0,3838664.0,3816000.0,3830789.0,55.7857,2023-08-27
3830790.0,3854660.0,3800001.0,3829795.0,212.5077,2023-08-28
3829795.0,4099999.0,3811481.0,4046788.0,649.9055,2023-08-29
4046789.0,4052138.0,3952209.0,3991088.0,254.5711,2023-08-30
3991088.0,4028883.0,3762558.0,3795909.0,358.9311,2023-08-31
3795909.0,3816457.0,3713090.0,3783738.0,247.9033,2023-09-01
3783738.0,3808377.0,3778468.0,3797848.0,88.0841,2023-09-02
3797848.0,3830846.0,3791597.0,3804849.0,78.3753,2023-09-03
3804849.0,3825835.0,3767275.0,3793903.0,183.0650,2023-09-04
3793903.0,3825225.0,3761358.0,3809001.0,151.1300,2023-09-05
3810251.0,3847117.0,3760000.0,3811001.0,192.9750,2023-09-06
3811001.0,3891862.0,3783371.0,3870000.0,201.6486,2023-09-07
3870000.0,3891712.0,3792131.0,3838036.0,197.5635,2023-09-08
3838036.0,3838399.0,3825000.0,3834374.0,61.6013,2023-09-09
3834374.0,3834528.0,3792701.0,3807799.0,165.9002,2023-09-10
3807799.0,3809592.0,3664287.0,3702620.0,411.2182,2023-09-11
3702620.0,3899265.0,3697609.0,3805818.0,349.8868,2023-09-12
3805818.0,3892900.0,3797558.0,3869062.0,212.0925,2023-09-13
3869062.0,3964622.0,3852184.0,3920971.0,260.1003,2023-09-14
3920971.0,3975000.0,3887000.0,3938726.0,193.9376,2023-09-15
3938726.0,3960999.0,3920982.0,3935007.0,87.4029,2023-09-16
3935007.0,3944327.0,3915008.0,3932191.0,76.9509,2023-09-17
3932190.0,4047752.0,3915002.0,3955932.0,297.0886,2023-09-18
3955932.0,4059000.0,3942598.0,4019912.0,269.9164,2023-09-19
4019912.0,4048160.0,3978749.0,4026001.0,298.8320,2023-09-20
4026001.0,4031603.0,3910135.0,3931817.0,238.9921,2023-09-21
3931817.0,3973000.0,3922836.0,3952162.0,128.7934,2023-09-22
3952162.0,3955998.0,3945333.0,3950149.0,44.8071,2023-09-23
3950149.0,3974001.0,3900000.0,3907102.0,121.6267,2023-09-24
3907102.0,3937350.0,3875836.0,3917836.0,188.0046,2023-09-25
3917836.0,3935000.0,3894103.0,3913488.0,154.2334,2023-09-26
3913489.0,4002000.0,3910687.0,3948001.0,230.2191,2023-09-27
3948001.0,4055000.0,3944103.0,4029900.0,290.9797,2023-09-28
4029901.0,4048297.0,3982036.0,4019999.0,239.2319,2023-09-29
4020000.0,4046000.0,4019602.0,4034001.0,85.2889,2023-09-30
4034001.0,4191266.0,4034000.0,4174285.0,220.4293,2023-10-01
4174285.0,4280000.0,4100000.0,4130004.0,487.0833,2023-10-02
4130001.0,4154526.0,4054229.0,4095286.0,331.7862,2023-10-03
4095343.0,4152999.0,4069909.0,4149886.0,220.2405,2023-10-04
4149886.0,4183630.0,4073465.0,4087912.0,253.1075,2023-10-05
4087911.0,4210168.0,4072666.0,4170648.0,324.7453,2023-10-06
4170648.0,4191712.0,4158688.0,4183464.0,92.7942,2023-10-07
4183464.0,4200898.0,4152001.0,4173169.0,123.5375,2023-10-08
4173169.0,4178101.0,4075000.0,4108077.0,237.2514,2023-10-09
4108077.0,4146955.0,4075000.0,4083389.0,195.3607,2023-10-10
4083390.0,4102549.0,3975000.0,4015100.0,308.6705,2023-10-11
4015100.0,4033222.0,3989001.0,4017950.0,207.0219,2023-10-12
4017950.0,4062479.0,4000584.0,4030000.0,186.0288,2023-10-13
4030000.0,4044000.0,4022713.0,4030222.0,68.8540,2023-10-14
4030222.0,4083942.0,4022959.0,4064883.0,89.6635,2023-10-15
4064883.0,4331460.0,4061134.0,4261963.0,587.8263,2023-10-16
4261963.0,4285419.0,4205033.0,4257385.0,287.3984,2023-10-17
4257263.0,4330000.0,4225036.0,4250000.0,257.0761,2023-10-18
4250001.0,4330000.0,4226262.0,4302761.0,240.3460,2023-10-19
4303229.0,4500000.0,4291996.0,4439579.0,661.1450,2023-10-20
4439377.0,4520000.0,4415798.0,4473000.0,373.2533,2023-10-21
4473000.0,4517000.0,4441880.0,4482000.0,372.6209,2023-10-22
4482538.0,5053000.0,4471100.0,4937563.0,888.7691,2023-10-23
4937564.0,5257315.0,4905542.0,5072061.0,908.3407,2023-10-24
5072061.0,5266235.0,5053302.0,5180000.0,540.1307,2023-10-25
5181000.0,5240001.0,5081373.0,5145376.0,412.0310,2023-10-26
5145376.0,5148117.0,5005555.0,5077547.0,301.7518,2023-10-27
5077549.0,5159063.0,5074985.0,5112811.0,118.0066,2023-10-28
5112811.0,5200000.0,5090000.0,5170009.0,174.3362,2023-10-29
5170945.0,5210100.0,5100000.0,5153000.0,308.6667,2023-10-30